test_roc_auc         ,test_roc_auc       ,test_recall_weighted ,test_recall_weighted ,test_accuracy        ,test_accuracy      ,test_precision_weighted ,test_precision_weighted ,test_f1_weighted     ,test_f1_weighted
std                  ,mean               ,std                  ,mean                 ,std                  ,mean               ,std                     ,mean                    ,std                  ,mean
0.02045275019532079  ,0.6792651679355899 ,0.018476294144318266 ,0.6325453112687156   ,0.018476294144318266 ,0.6325453112687156 ,0.015920456013350532    ,0.633770543277949       ,0.017536899056136885 ,0.6326845485398589
0.024351123423310903 ,0.6180597206029156 ,0.022930139411809974 ,0.6059101654846337   ,0.022930139411809974 ,0.6059101654846337 ,0.02438241675850192     ,0.6016807937035523      ,0.023389524438908047 ,0.6010736941807036
0.012387752678490568 ,0.6763893494934183 ,0.02053591527282693  ,0.6319148936170215   ,0.02053591527282693  ,0.6319148936170215 ,0.020359799454475164    ,0.6282797634591365      ,0.0191230341580695   ,0.6249624767261164
0.012563820032736985 ,0.6695727312903533 ,0.009466109926206634 ,0.6311268715524035   ,0.009466109926206634 ,0.6311268715524035 ,0.009027725091135       ,0.6281181600594418      ,0.008932996830503064 ,0.6268739358920127
0.011213682011950445 ,0.6812581959783994 ,0.016444490477831707 ,0.630260047281324    ,0.016444490477831707 ,0.630260047281324  ,0.021836999708973223    ,0.6371857666266725      ,0.015878902810541388 ,0.5981912085898762
0.014671689104009586 ,0.6396470643720751 ,0.0115715234171354   ,0.6080378250591016   ,0.0115715234171354   ,0.6080378250591016 ,0.011574169585420915    ,0.6049433848675158      ,0.011117054520420926 ,0.6052400140963281
